station_name,section,content,keywords,type
"","基本資訊","- 日文名稱：東京駅
- 站點編號：JR / 丸之內線 M-17
- 性質：東京最大的交通樞紐，全日本新幹線網最大、最完整的聚集站","undefined,基本資訊,info","info"
"","可搭乘路線","- **新幹線**：東海道新幹線、山陽新幹線、東北新幹線、山形新幹線、秋田新幹線、北海道新幹線、上越新幹線、北陸新幹線
- **JR線**：中央線、京濱東北線、山手線、東海道線（上野東京線、宇都宮線、高崎線、常磐線）、京葉線、武藏野線、橫須賀線、總武線（含成田EXPRESS）
- **地下鐵**：東京Metro丸之內線","undefined,可搭乘路線,tip","tip"
"","月台分布","- **地面上月台**：1-10號為JR月台，14-23號為新幹線月台
- **地面下月台**：京葉線、橫須賀線、總武線（含N'EX）","undefined,月台分布,tip","tip"
"","轉乘注意事項","- 車站分為「八重洲側」（東側）和「丸之內側」（西側）
- 「北自由通路」可自由穿越八重洲、丸之內兩側，不需出站
- **京葉線轉乘警告**：
  - 月台位於**地下五層**（深度27m），距離極遠。
  - 轉乘路線包含 **4 段電扶梯、2 段電動步道**，全程約 **15 分鐘**。
  - 沿途雖有明確指標，但若攜帶**大型行李**或推嬰兒車，強烈建議**預留充足時間**或考慮改搭**直達巴士**（例如前往迪士尼）。
- 橫須賀線、總武線（含N'EX）在丸之內中央口直下處","undefined,轉乘注意事項,warning","warning"
"","京葉線替代進站方式（推薦）","- 京葉線月台雖然名義上在東京車站，實際位置在車站南側，離**有樂町站更近**
- 從JR有樂町站下車，走「京橋口」或「國際フォーラム口」出站
- 往東京國際論壇方向走（可定位「Tokyo International Forum Side Square」）
- 此路線比從東京車站主體轉乘更短更省時","undefined,京葉線替代進站方式（推薦）,tip","tip"
"","出口指南","| 出口 | 位置 | 附近設施 |
|------|------|----------|
| 八重洲北口 | 地面上 | 大丸百貨、TOKYO TORCH、京成巴士 |
| 八重洲中央口 | 地面上 | 大丸百貨、JR高速巴士、日本橋高島屋 |
| 八重洲南口 | 地面上 | JR高速巴士、GRANSTA東京 |
| 八重洲地下中央口 | 地面下 | 東京車站一番街、東京拉麵街 |
| 丸之內北口 | 地面上 | 新丸之內大廈、皇居、丸之內仲通 |
| 丸之內中央口 | 地面上 | 皇居、東京車站大飯店、車站建築攝影點 |
| 丸之內南口 | 地面上 | 丸之內大廈、KITTE丸之內、丸之內紅磚廣場 |","undefined,出口指南,info","info"
"","前往迪士尼","- 搭乘京葉線至舞濱站，車程約15分鐘
- 從JR驗票口到京葉線月台需步行約14-20分鐘，務必預留時間","undefined,前往迪士尼,tip","tip"
"","前往成田機場","- 搭乘N'EX成田特快，不到1小時可抵達
- 月台位置：丸之內中央口地下3、4號月台
- 也可搭乘京成巴士「TYO-NRT」，1,300日圓直達","undefined,前往成田機場,tip","tip"
"","基本資訊","- 日文名稱：新橋駅
- 性質：上班族聖地（薪水族之街），前往台場的重要轉乘點。","undefined,基本資訊,info","info"
"","可搭乘路線","- **JR線**：山手線、京濱東北線、東海道線、橫須賀線
- **地下鐵**：東京Metro銀座線、都營淺草線
- **新交通**：百合海鷗號 (Yurikamome) - 往台場方向","undefined,可搭乘路線,tip","tip"
"","轉乘注意事項","- **往台場（百合海鷗號）**：
  - 出站後請找「烏森口」或「汐留口」方向，百合海鷗號車站為獨立建築，需出站步行約 3-5 分鐘。
  - 沿途有明顯的「ゆりかもめ」藍色標示。
- **銀座線轉乘**：
  - 銀座線新橋站位置較淺，轉乘 JR 相當快速，約 3 分鐘。
- **橫須賀線**：
  - 月台位於地下深處，轉乘 JR 山手線需預留 5-8 分鐘。
- **銀座線轉淺草線**：
  - 地下通道雖然相連，但指標略顯混亂，建議預留 5-8 分鐘轉乘時間。","undefined,轉乘注意事項,warning","warning"
"","出口指南","- **日比谷口**：著名的「SL廣場」所在地，常有電視採訪，也是主要的相約地點。
- **烏森口**：往西口商店街、百合海鷗號轉乘。
- **銀座口**：往銀座 8 丁目方向。","undefined,出口指南,info","info"
"","景點推薦","- **SL 廣場**：站外的蒸汽火車頭，是著名的集合地點，也是觀察日本上班族文化的好地方。","undefined,景點推薦,tip","tip"
"","基本資訊","- 日文名稱：浜松町駅
- 性質：前往羽田機場的門戶（單軌電車轉乘站），鄰近東京鐵塔。","undefined,基本資訊,info","info"
"","可搭乘路線","- **JR線**：山手線、京濱東北線
- **單軌電車**：東京單軌電車 (Tokyo Monorail) - 往羽田機場
- **地下鐵（大門站）**：都營大江戶線、都營淺草線（需出站步行約 2-4 分鐘）","undefined,可搭乘路線,tip","tip"
"","轉乘注意事項","- **往羽田機場（單軌電車）**：
  - **重要**：JR 濱松町站與單軌電車站有**專用轉乘閘門**，不需出站即可直接轉乘。
  - 位於車站 3 樓，指標非常清晰。
  - **直達羽田**：單軌電車「快速」列車僅需 13-15 分鐘即可抵達羽田機場第 3 航廈。
- **前往東京鐵塔**：
  - 從「北口」出站，直走經過增上寺，步行約 15 分鐘。
- **轉乘地下鐵（大門站）**：
  - 濱松町站與大門站名義上不同站，但實際距離極近。
  - 從 JR 北口出站，前方十字路口即為大門站入口。","undefined,轉乘注意事項,warning","warning"
"","出口指南","- **北口**：往大門站、增上寺、東京鐵塔、舊芝離宮恩賜庭園。
- **南口**：往濱松町巴士總站、世界貿易中心大樓。","undefined,出口指南,info","info"
"","基本資訊","- 日文名稱：上野駅
- 性質：東京北玄關，可搭乘新幹線及前往成田機場","undefined,基本資訊,info","info"
"","上野地區共有4個「上野」站","1. **JR上野站**：最主要的車站
2. **東京Metro銀座線上野站**：往淺草、銀座、澀谷
3. **東京Metro日比谷線上野站**：往秋葉原、築地、六本木
4. **京成上野站**：往成田機場（獨立建築，步行5分鐘）","undefined,上野地區共有4個「上野」站,tip","tip"
"","JR上野站可搭乘路線","- 京濱東北線（往橫濱方向）
- 山手線（往秋葉原、東京方向）
- 常磐線（往茨城方向）
- 新幹線：東北新幹線、山形新幹線、秋田新幹線、上越新幹線、北陸新幹線、北海道新幹線","undefined,JR上野站可搭乘路線,tip","tip"
"","轉乘注意事項","- JR上野站剪票口都在地上，地下鐵則在地下
- 銀座線和日比谷線在地下相通
- 京成上野站是獨立建築，需出站步行約5分鐘
- 6個「上野」站實際上由地下巨大通道相連，雨天很便利","undefined,轉乘注意事項,warning","warning"
"","出口指南","- **中央剪票口**：主要出口
- **不忍剪票口**：往阿美橫丁最近
- **公園剪票口**：往上野公園、動物園最近
- **淺草口**：往淺草方向","undefined,出口指南,info","info"
"","前往成田機場（從京成上野站）","| 交通方式 | 時間 | 費用 |
|----------|------|------|
| Skyliner | 約41分鐘 | 2,570日圓 |
| ACCESS特急 | 約59分鐘 | 約1,270日圓 |
| 京成本線特急 | 約70分鐘 | 1,060日圓 |","undefined,前往成田機場（從京成上野站）,tip","tip"
"","從JR上野站到京成上野站","1. 從JR中央剪票口出站
2. 直走到八重洲側出口
3. 過馬路後直走約5分鐘即達","undefined,從JR上野站到京成上野站,tip","tip"
"","基本資訊","- 日文名稱：浅草駅
- 性質：東京觀光重要景點，雷門、淺草寺所在地","undefined,基本資訊,info","info"
"","淺草共有4個車站","1. **東京Metro銀座線淺草站**：最便利，離雷門步行約3分鐘
2. **都營淺草線淺草站**：可直達成田機場、羽田機場、押上（晴空塔）
3. **東武淺草站**：往日光、鬼怒川溫泉
4. **筑波快線淺草站**：往秋葉原、筑波（距離較遠，步行約10分鐘）","undefined,淺草共有4個車站,tip","tip"
"","各站往雷門的走法","**銀座線**：
- 從1號出口出站，往左前方直走約1分鐘

**都營淺草線**：
- 從A4出口出站，往右直走，遇大馬路左轉
- 有大型行李請從A2-b出口（電梯）

**東武線**：
- 從2F剪票口出站，下樓梯後過馬路左轉
- 位於EKIMISE商業大樓內

**筑波快線**：
- 從A1出口出站，沿國際通直走約5分鐘
- 遇雷門通左轉，再走約5分鐘","undefined,各站往雷門的走法,tip","tip"
"","轉乘注意事項","- 銀座線和都營淺草線在地下相通
- 都營淺草線可直達晴空塔（押上站），僅3分鐘
- 東武線往日光：特急約1小時20分鐘
- 東武線往鬼怒川溫泉：特急約2小時10分鐘","undefined,轉乘注意事項,warning","warning"
"","前往機場","| 目的地 | 路線 | 時間 | 費用 |
|--------|------|------|------|
| 成田機場 | 都營淺草線「機場快特」| 約1小時 | 1,290日圓 |
| 羽田機場 | 都營淺草線「機場快特」| 約35分鐘 | 620日圓 |","undefined,前往機場,tip","tip"
"","基本資訊","- 日文名稱：秋葉原駅
- 性質：電器街、動漫文化聖地","undefined,基本資訊,info","info"
"","秋葉原共有3個車站","1. **JR秋葉原站**：山手線、京濱東北線、中央線/總武線
2. **東京Metro日比谷線秋葉原站**：往六本木、銀座、築地
3. **筑波快線秋葉原站**：往淺草（4分鐘）、筑波","undefined,秋葉原共有3個車站,tip","tip"
"","前往電器街的方法","**從JR（山手線/京濱東北線）**：
1. 2F月台下樓梯到1F
2. 找「電器街剪票口」標示
3. 出剪票口後往「電器街北口」方向
4. 以紅色Sega遊戲中心為目標直行

**從JR（總武線）**：
1. 3F月台找「電器街剪票口」標示
2. 搭手扶梯下到1F
3. 走法同上

**從日比谷線**：
1. 從3號出口出站
2. 看到Yodobashi Akiba後，沿店鋪入口左側通道穿過
3. 經JR中央剪票口前，往東西自由通道直行

**從筑波快線**：
1. 從A1出口出站後左轉
2. 往東西自由通道直行","undefined,前往電器街的方法,tip","tip"
"","轉乘注意事項","- JR「電器街口」是最便利的出口
- 日比谷線出口距離電器街稍遠，需步行約5-8分鐘
- 從淺草搭筑波快線僅需4分鐘（210日圓）","undefined,轉乘注意事項,warning","warning"
"","基本資訊","- 日文名稱：錦糸町駅
- 性質：墨田區的商業中心，擁有大型購物商場（Arcakit, Termina, OLINAS），遠眺晴空塔。","undefined,基本資訊,info","info"
"","可搭乘路線","- **JR線**：總武線（各站停車）、總武快速線
- **地下鐵**：東京Metro半藏門線","undefined,可搭乘路線,tip","tip"
"","轉乘注意事項","- **JR 轉乘半藏門線**：需出站轉乘。從 JR「北口」出站後，過馬路即可到達地下鐵入口，步行約 3 分鐘。","undefined,轉乘注意事項,warning","warning"
"","出口指南","- **北口**：往 Arcakit 購物中心、錦糸公園、晴空塔方向。
- **南口**：往 Yodobashi Camera、Termina 商場、繁華飲食街。","undefined,出口指南,info","info"
"","基本資訊","- 日文名稱：月島駅
- 性質：文字燒（Monjayaki）的故鄉，下町風情與高樓住宅並存。","undefined,基本資訊,info","info"
"","可搭乘路線","- **地下鐵**：東京Metro有樂町線、都營大江戶線","undefined,可搭乘路線,tip","tip"
"","轉乘注意事項","- **有樂町線 ⇄ 大江戶線**：兩線在地下相交，轉乘動線清晰，約需 3-5 分鐘。","undefined,轉乘注意事項,warning","warning"
"","出口指南","- **7號出口**：最靠近「月島文字燒一條街（もんじゃストリート）」。","undefined,出口指南,info","info"
"","基本資訊","- 日文名稱：築地駅 / 築地市場駅
- 性質：築地場外市場所在地，海鮮美食勝地。","undefined,基本資訊,info","info"
"","可搭乘路線","- **築地站**：東京Metro日比谷線
- **築地市場站**：都營大江戶線","undefined,可搭乘路線,tip","tip"
"","轉乘注意事項","- **兩站不相連**：日比谷線「築地站」與大江戶線「築地市場站」名義上不同站，步行約需 8-10 分鐘。前往市場前請確認搭乘路線。","undefined,轉乘注意事項,warning","warning"
"","出口指南","- **日比谷線 築地站 1號/2號出口**：往築地本願寺、場外市場。
- **大江戶線 築地市場站 A1出口**：直達場外市場入口。","undefined,出口指南,info","info"
"","基本資訊","- 日文名稱：茅場町駅
- 性質：證券金融街，鄰近日本橋。","undefined,基本資訊,info","info"
"","可搭乘路線","- **地下鐵**：東京Metro東西線、日比谷線","undefined,可搭乘路線,tip","tip"
"","轉乘注意事項","- **高低差轉乘**：東西線月台位於地下 2 樓，日比谷線位於地下 1 樓，轉乘動線較短，但尖峰時段人潮擁擠。","undefined,轉乘注意事項,warning","warning"
"","出口指南","- **東西線側**：往日本證券交易所。
- **日比谷線側**：往靈嚴寺方向。","undefined,出口指南,info","info"
"","基本資訊","- 日文名稱：押上駅（スカイツリー前）
- 站點編號：都營淺草線 A-20
- 性質：東京晴空塔最近的車站","undefined,基本資訊,info","info"
"","可搭乘路線","- 都營淺草線
- 京成線（往成田機場）
- 半藏門線
- 東武線","undefined,可搭乘路線,tip","tip"
"","轉乘注意事項","- 直通東京晴空塔及Soramachi商場
- 從淺草搭都營淺草線僅需3分鐘（180日圓）
- 可直達成田機場（京成線）","undefined,轉乘注意事項,warning","warning"
"","基本資訊","- 日文名稱：池袋駅
- 性質：東京西北部重要交通樞紐","undefined,基本資訊,info","info"
"","可搭乘路線","- JR：山手線、埼京線、湘南新宿線
- 東京Metro：丸之內線、有樂町線、副都心線
- 西武池袋線
- 東武東上線","undefined,可搭乘路線,tip","tip"
"","轉乘注意事項","- **東西口攻略**：
  - 東口（西武側）與西口（東武側）地名與百貨名稱相反，極易混淆。
  - **連接通道**：請利用「北通路」、「中央通路」或「南通路」穿越東西兩側。
  - **地下迷宮**：若迷路，請務必回到「地面」尋找地標（如西武百貨招牌）。
  - **副都心線**：月台位於車站西側深處，轉乘 JR 需預留 10 分鐘。","undefined,轉乘注意事項,warning","warning"
"","基本資訊","- 日文名稱：新宿駅
- 性質：金氏世界紀錄認證「最繁忙車站」，結構極其複雜的迷宮。","undefined,基本資訊,info","info"
"","出口戰略 (生死攸關)","- **東口 (East Exit)**：歌舞伎町、Lumine Est、Don Quijote。人潮最擁擠。
- **西口 (West Exit)**：東京都廳、小田急百貨、機場巴士乘車處（往羽田/成田）。辦公區為主。
- **南口 (South Exit)**：新宿御苑、巴士總站 (Busta Shinjuku)、高島屋。
- **東南口**：往 Flags、與南口相通。
- **警告**：嚴禁在地下試圖從東口亂走去西口，極易迷路。請利用明確標示的「東西自由通路」。","undefined,出口戰略 (生死攸關),info","info"
"","轉乘陷阱","- **大江戶線**：有兩個站。「新宿站」位於南口深處（地下 7 層）；「新宿西口站」位於西口。兩者雖相連但步行需 15 分鐘，轉乘前務必確認目的地。
- **私鐵轉乘**：小田急線和京王線位於西口側。京王線轉乘 JR 建議利用「中央西口」。","undefined,轉乘陷阱,warning","warning"
"","基本資訊","- 日文名稱：渋谷駅
- 性質：年輕人文化中心，地形高低差大（谷地地形）。","undefined,基本資訊,info","info"
"","垂直移動地獄","- **銀座線**：位於 3F (高架月台)，近期已移設至較便利位置，但仍需上樓。
- **副都心線/東橫線**：位於 B5 (地下深處)。
- **警告**：從銀座線轉乘副都心線，垂直移動距離極大，包含 4 段長扶梯，需預留 10-15 分鐘。","undefined,垂直移動地獄,tip","tip"
"","出口指引","- **八公口 (Hachiko Exit)**：十字路口、澀谷109、Center街。人潮最洶湧。
- **宮益坂口**：Hikarie、澀谷Sky (Scramble Square)。
- **新南口**：距離主站體極遠（約 500m），除非去該區域飯店，否則切勿由此出站。","undefined,出口指引,info","info"
"","基本資訊","- 日文名稱：日暮里駅
- 性質：往成田機場的重要轉乘站","undefined,基本資訊,info","info"
"","可搭乘路線","- JR：山手線、京濱東北線、常磐線
- 京成線（往成田機場）
- 舍人線","undefined,可搭乘路線,tip","tip"
"","轉乘注意事項","- Skyliner停靠站，前往成田機場僅36分鐘
- 從JR轉乘京成線需要出站
- 適合住在山手線沿線的旅客前往機場","undefined,轉乘注意事項,warning","warning"
"","路線特色","- 連接成田機場與羽田機場的「神路線」
- 北端與京成線直通（往成田機場）
- 南端與京急線直通（往羽田機場、橫濱）","undefined,路線特色,tip","tip"
"","主要車站","| 車站 | 特色 | Airport快特停車 |
|------|------|-----------------|
| 押上 | 晴空塔 | ✓ |
| 淺草 | 雷門、淺草寺 | ✓ |
| 藏前 | 文青咖啡街區 | ✗ |
| 淺草橋 | 可轉乘JR總武線 | ✗ |
| 人形町 | 甘酒橫丁、小網神社 | ✗ |
| 東銀座 | 歌舞伎座、銀座 | ✗ |
| 新橋 | 可轉乘百合海鷗號往台場 | ✓ |
| 大門 | 東京鐵塔 | ✓ |
| 三田 | 可轉乘JR | ✓ |
| 泉岳寺 | 與京急線分歧點 | ✓ |
| 戶越 | 戶越銀座商店街 | ✗ |
| 西馬込 | 終點站 | ✗ |","undefined,主要車站,tip","tip"
"","搭車秘訣","- **重要**：除了「Airport快特」之外，所有車種在淺草線內都是各站停車
- 往西馬込方向的列車較少，可在泉岳寺站換車
- 車種複雜但只需注意目的地，不需擔心車種","undefined,搭車秘訣,tip","tip"
"","基本資訊","- 日文名稱：舞浜駅
- 性質：東京迪士尼度假區最近的車站","undefined,基本資訊,info","info"
"","可搭乘路線","- JR京葉線","undefined,可搭乘路線,tip","tip"
"","轉乘注意事項","- 從東京車站搭京葉線約15分鐘
- 東京車站京葉線月台在地下5樓，距離其他月台非常遠
- 從東京車站其他月台走到京葉線月台約14-20分鐘
- 找「京葉ストリート」看板，經過三段長手扶梯即達月台","undefined,轉乘注意事項,warning","warning"
"","基本資訊","- 日文名稱：品川駅
- 性質：東京南部的門戶，東海道新幹線、JR 在來線與京急線的大型交會點。","undefined,基本資訊,info","info"
"","可搭乘路線","- **新幹線**：東海道新幹線、山陽新幹線
- **JR線**：山手線、京濱東北線、東海道線、橫須賀線、總武快速線、成田 EXPRESS
- **私鐵**：京急本線（往羽田機場、橫濱方向）","undefined,可搭乘路線,tip","tip"
"","轉乘注意事項","- **新幹線 ⇄ JR 在來線**：
  - 全在日本最便利的新幹線轉乘站之一。
  - 新幹線月台與 JR 月台在同一平面，僅需通過「新幹線轉乘閘門」即可，步行約 2-3 分鐘。
  - 相比東京車站（需上下樓層且動線複雜），品川站是更好的新幹線轉乘選擇。
- **JR ⇄ 京急線（往羽田機場）**：
  - **重要**：請利用「JR・京急轉乘閘門」，不需要出站。
  - 閘門位於 2 樓中央走道側。
  - 往羽田機場的京急列車通常在 1 號月台。
- **橫須賀線 / 總武快速線**：
  - 月台位於車站東側（13-15 號月台），距離西側的京急線較遠，步行需 5 分鐘。","undefined,轉乘注意事項,warning","warning"
"","出口指南","- **高輪口 (West Exit)**：往京急百貨、品川王子大飯店、水族館、往羽田機場巴士乘車處。
- **港南口 (East Exit)**：往新幹線乘車處、辦公大樓區、Sony 總部。","undefined,出口指南,info","info"
"","基本資訊","- 日文名稱：目黑駅
- 性質：品川區與目黑區交界，賞櫻名所目黑川的起點。","undefined,基本資訊,info","info"
"","可搭乘路線","- **JR線**：山手線
- **地下鐵/私鐵**：東京Metro南北線、都營三田線、東急目黑線（此三線在目黑站直通運轉）","undefined,可搭乘路線,tip","tip"
"","轉乘注意事項","- **JR ⇄ 地下鐵/東急**：
  - JR 月台位於地面（實際上略低於路面），地下鐵/東急月台位於地下。
  - 轉乘需通過閘門並下樓，步行約 3-5 分鐘。
- **南北線、三田線、東急線**：
  - **共用月台**：這三條線在目黑站共用地下月台，轉乘極其簡單，只需確認列車方向。","undefined,轉乘注意事項,warning","warning"
"","出口指南","- **西口**：往目黑川（步行約 5 分鐘）、權之助坂商店街。
- **東口**：往東京都庭園美術館、自然教育園。","undefined,出口指南,info","info"
"","基本資訊","- 日文名稱：五反田駅
- 性質：商業區與美食聚集地，也是往池上線、淺草線的轉乘站。","undefined,基本資訊,info","info"
"","可搭乘路線","- **JR線**：山手線
- **地下鐵**：都營淺草線
- **私鐵**：東急池上線","undefined,可搭乘路線,tip","tip"
"","轉乘注意事項","- **JR ⇄ 東急池上線**：
  - **高架轉乘**：東急五反田站位於 4 樓高架處（高過 JR 月台）。
  - 有專用的轉乘電梯與扶梯，動線非常獨特，約需 3 分鐘。
- **JR ⇄ 淺草線**：
  - 淺草線月台位於地下，需經由地下通道，約需 5 分鐘。","undefined,轉乘注意事項,warning","warning"
"","基本資訊","- 日文名稱：大崎駅
- 性質：山手線大站，埼京線、臨海線的起終點。","undefined,基本資訊,info","info"
"","可搭乘路線","- **JR線**：山手線、埼京線、湘南新宿線
- **私鐵**：東京臨海高速鐵道 (Rinkai Line)","undefined,可搭乘路線,tip","tip"
"","轉乘注意事項","- **埼京線 ⇄ 臨海線**：
  - 兩線在此直通運轉，通常在同一月台（5-8 號月台），轉乘最快只需 0 分鐘（同一台車）。
- **山手線轉乘**：
  - 山手線在此分為「內迴」與「外迴」，由於是車輛基地所在地，部分列車會在此站終止服務或重新出發。","undefined,轉乘注意事項,warning","warning"
"","基本資訊","- 日文名稱：神田駅
- 性質：傳統商業街、古書街入口，JR 與銀座線的高速轉乘點。","undefined,基本資訊,info","info"
"","可搭乘路線","- **JR線**：山手線、京濱東北線、中央線
- **地下鐵**：東京Metro銀座線","undefined,可搭乘路線,tip","tip"
"","轉乘注意事項","- **JR ⇄ 銀座線**：
  - 轉乘路徑短但人潮極多。從 JR 北口出站即可連接銀座線，步行約 2 分鐘。
- **中央線月台**：
  - 位於高架 3 樓，與山手線/京濱東北線（2 樓）有高低差，需預留 2 分鐘垂直移動時間。","undefined,轉乘注意事項,warning","warning"
"","基本資訊","- 日文名稱：日比谷駅
- 性質：鄰近皇居、日比谷公園，高級飯店與劇院聚集區。","undefined,基本資訊,info","info"
"","可搭乘路線","- **地下鐵**：東京Metro日比谷線、千代田線、都營三田線
- **JR線（有樂町站）**：可經由地下通道步行 5-8 分鐘轉乘 JR 有樂町站。","undefined,可搭乘路線,tip","tip"
"","轉乘注意事項","- **地下鐵三線轉乘**：
  - 雖然三線交會，但地下通道極長且呈現 L 型，轉乘千代田線與三田線需步行約 5-10 分鐘。
- **直通有樂町**：
  - 全程地下通道與有樂町站、銀座站相連，雨天可利用此網絡穿梭。","undefined,轉乘注意事項,warning","warning"
"","基本資訊","- 日文名稱：市ケ谷駅
- 性質：橫跨外濠的車站，以釣魚場景色聞名。","undefined,基本資訊,info","info"
"","可搭乘路線","- **JR線**：中央線（各站停車 / 總武線）
- **地下鐵**：東京Metro有樂町線、南北線、都營新宿線","undefined,可搭乘路線,tip","tip"
"","轉乘注意事項","- **跨河轉乘**：
  - JR 車站位於橋上，地下鐵位於地底。轉乘動線涉及較多階梯，約需 5-8 分鐘。
- **都營新宿線 ⇄ 地下鐵兩線**：
  - 雖然都在地下，內新宿線月台位置較偏，轉乘南北線或有樂町線需預留足夠時間。","undefined,轉乘注意事項,warning","warning"
"","基本資訊","- 日文名稱：成田空港駅 / 空港第2ビル駅","undefined,基本資訊,info","info"
"","前往東京市區的交通方式","| 交通方式 | 終點 | 時間 | 費用 |
|----------|------|------|------|
| Skyliner | 上野/日暮里 | 約36-41分鐘 | 2,570日圓 |
| 成田特快N'EX | 東京車站 | 約53分鐘 | 3,070日圓 |
| ACCESS特急 | 押上/淺草 | 約50-60分鐘 | 約1,290日圓 |
| 京成本線特急 | 上野 | 約70分鐘 | 1,060日圓 |
| 京成巴士TYO-NRT | 東京車站 | 約1小時 | 1,300日圓 |","undefined,前往東京市區的交通方式,tip","tip"
"","轉乘注意事項","- Skyliner需購買乘車票+特急券兩種票
- N'EX在東京車站地下月台
- 購買優惠來回票可省錢","undefined,轉乘注意事項,warning","warning"
"","基本資訊","- 日文名稱：羽田空港駅","undefined,基本資訊,info","info"
"","前往東京市區的交通方式","| 交通方式 | 終點 | 時間 | 費用 |
|----------|------|------|------|
| 京急線 | 品川 | 約15分鐘 | 約300日圓 |
| 京急線Airport快特 | 淺草 | 約35分鐘 | 620日圓 |
| 東京單軌電車 | 濱松町 | 約15分鐘 | 500日圓 |","undefined,前往東京市區的交通方式,tip","tip"
"","轉乘注意事項","- 京急線可直通都營淺草線，不換車到淺草
- 國際線與國內線航廈站不同，注意下車站
- 單軌電車可在濱松町轉乘JR山手線","undefined,轉乘注意事項,warning","warning"
"","基本資訊","- 日文名稱：銀座駅
- 性質：東京最繁華的高級購物區，地下鐵御三家交會點。","undefined,基本資訊,info","info"
"","轉乘秘密","- **銀座線/丸之內線**：轉乘非常便利，月台距離近。
- **日比谷線**：經由地下通道連接，距離稍遠但路況良好。
- **地下直通**：可直接走地下道前往「東銀座站」（歌舞伎座）或「有樂町站」。","undefined,轉乘秘密,warning","warning"
"","轉乘陷阱","- **迷宮出口**：銀座站出口編號眾多（A/B/C），搞錯出口需在地面等很久紅綠燈。
  - **A出口**：銀座三越、和光鐘樓。
  - **B出口**：Gucci、Hermes 等精品街。
  - **C出口**：Tokyu Plaza、數寄屋橋公園。","undefined,轉乘陷阱,warning","warning"
"","基本資訊","- 日文名稱：六本木駅
- 性質：不夜城、美術館、外國人聚集地。","undefined,基本資訊,info","info"
"","轉乘陷阱","- **大江戶線**：位於地下 7 層（深度 42m），是東京地鐵最深車站之一。
- **垂直移動地獄**：從大江戶線月台回到地面，光是搭電扶梯就需要 5-8 分鐘。
- **日比谷線**：與大江戶線高低差極大，轉乘需預留充足時間。","undefined,轉乘陷阱,warning","warning"
"","出口指引","- **六本木Hills**：走 1C 出口（直結，推薦）。
- **東京Midtown**：走 8 號出口（直結）。","undefined,出口指引,info","info"
"","基本資訊","- 日文名稱：大手町駅
- 性質：最大的地下鐵轉乘樞紐（5條路線交會），被稱為「大手町地下迷宮」。","undefined,基本資訊,info","info"
"","轉乘陷阱 (水平移動)","- **距離警告**：雖然名為同一站，東西向全長超過 800公尺，相當於一站的距離。
- **最遠轉乘**：千代田線 ⇄ 東西線，或 半藏門線 ⇄ 丸之內線，步行可能超過 15 分鐘。
- **建議**：若帶著行李，請儘量避免在大手町進行「對角線」式的轉乘。請先確認路線圖上的月台位置。","undefined,轉乘陷阱 (水平移動),warning","warning"
"","基本資訊","- 日文名稱：浅草橋駅
- 性質：批發街（文具、玩具、飾品），前往淺草與秋葉原的中繼站。","undefined,基本資訊,info","info"
"","可搭乘路線","- **JR線**：總武線（各站停車）
- **地下鐵**：都營淺草線","undefined,可搭乘路線,tip","tip"
"","轉乘注意事項","- **JR 轉乘都營淺草線**：
  - 車站並非直通。需從 JR「東口」出站，步行約 1-2 分鐘即可到達都營淺草線入口。
  - 若從 JR「西口」出站則較遠，請注意出口。","undefined,轉乘注意事項,warning","warning"
"","基本資訊","- 日文名稱：神保町駅
- 性質：世界最大的古書街，咖哩名店聚集地。","undefined,基本資訊,info","info"
"","可搭乘路線","- **地下鐵**：都營新宿線、三田線、東京Metro半藏門線","undefined,可搭乘路線,tip","tip"
"","轉乘注意事項","- **三田線 ⇄ 半藏門線**：在地下 3 樓有專用的「零距離」轉乘扶梯，非常方便。","undefined,轉乘注意事項,warning","warning"
"","基本資訊","- 日文名稱：日本橋駅
- 性質：金融中心，擁有高島屋、三越等歷史悠久的百貨。","undefined,基本資訊,info","info"
"","可搭乘路線","- **地下鐵**：東京Metro銀座線、東西線、都營淺草線","undefined,可搭乘路線,tip","tip"
"","轉乘注意事項","- **銀座線 ⇄ 東西線**：轉乘動線簡單，步行約 3 分鐘。
- **浅草線**：距離銀座線較遠，需走一段地下通道。","undefined,轉乘注意事項,warning","warning"
"","基本資訊","- 日文名稱：御徒町駅
- 性質：鄰近阿美橫丁南端，珠寶批發街。","undefined,基本資訊,info","info"
"","可搭乘路線","- **JR線**：山手線、京濱東北線
- **地下鐵（鄰近站）**：都營大江戶線（上野御徒町）、銀座線（上野廣小路）、日比谷線（仲御徒町）","undefined,可搭乘路線,tip","tip"
"","轉乘注意事項","- **四站合一**：雖然站名不同，但四個站互為鄰近站，可走地下道轉乘。","undefined,轉乘注意事項,warning","warning"
"","基本資訊","- 日文名稱：霞ケ関駅
- 性質：日本政治中樞，鄰近外務省、法務省等政府機關。","undefined,基本資訊,info","info"
"","可搭乘路線","- **地下鐵**：東京Metro丸之內線、日比谷線、千代田線","undefined,可搭乘路線,tip","tip"
"","轉乘注意事項","- **三線交會**：轉乘動線稍顯複雜，特別是丸之內線與千代田線之間步行約需 5-7 分鐘。
- **出口管控**：尖峰時段出口人潮極多，建議提早出發。","undefined,轉乘注意事項,warning","warning"
"","基本資訊","- 日文名稱：赤坂見附駅
- 性質：赤坂商業區中心，著名的「零距離」轉乘站。","undefined,基本資訊,info","info"
"","可搭乘路線","- **地下鐵**：東京Metro銀座線、丸之內線","undefined,可搭乘路線,tip","tip"
"","轉乘秘密","- **同月台轉乘**：銀座線與丸之內線在同一月台（B2/B3 兩層），往相同方向的列車只需走過月台對面即可轉乘，是東京最便利的轉乘設計。
- **永田町站直通**：與永田町站（有樂町線、南北線、半藏門線）地下相連，步行約 5-8 分鐘。","undefined,轉乘秘密,warning","warning"
"","基本資訊","- 日文名稱：九段下駅
- 性質：鄰近靖國神社、日本武道館，春季賞櫻名所。","undefined,基本資訊,info","info"
"","可搭乘路線","- **地下鐵**：東京Metro東西線、半藏門線、都營新宿線","undefined,可搭乘路線,tip","tip"
"","轉乘注意事項","- **神級轉乘**：都營新宿線（新宿方向）與半藏門線（澀谷方向）在同一月台，牆壁被打通後實現了「零距離」轉乘，這在不同業者的轉乘中極為罕見。
- **活動人潮**：武道館有演唱會時，車站會極度擁擠。","undefined,轉乘注意事項,warning","warning"
"","基本資訊","- 日文名稱：三越前駅
- 性質：鄰近日本橋三越總店，充滿江戶傳統氣息的商業區。","undefined,基本資訊,info","info"
"","可搭乘路線","- **地下鐵**：東京Metro銀座線、半藏門線
- **JR線**：可經由地下通道步行至 JR 新日本橋站（總武快速線）。","undefined,可搭乘路線,tip","tip"
"","轉乘注意事項","- **轉乘距離**：銀座線與半藏門線轉乘需步行約 3-5 分鐘。
- **地下商場**：與 COREDO 室町等商場直結，雨天可全程走地下。","undefined,轉乘注意事項,warning","warning"
"","基本資訊","- 路線代號：G
- 顏色：橙色
- 特色：日本最早的地下鐵（1927年開業），車廂較小，歷史悠久。","undefined,基本資訊,info","info"
"","乘車建議","- **空間提醒**：車廂與月台空間較窄，攜帶大行李時請多留意。
- **避開尖峰**：尖峰時段（08:00-09:30）非常擁擠，建議避開。
- **票券建議**：適合使用「東京地鐵 24/48/72 小時券」。","undefined,乘車建議,tip","tip"
"","基本資訊","- 路線代號：JY
- 顏色：黃綠色
- 特色：東京最重要的環城線，連接新宿、澀谷、東京等大站。","undefined,基本資訊,info","info"
"","乘車建議","- **運行方式**：環狀運行，分為「內回」（逆時針）與「外回」（順時針）。
- **轉乘便利**：轉乘其他 JR 線路通常不需出站。
- **人潮警告**：尖峰時段建議避開新宿、澀谷等大站。","undefined,乘車建議,tip","tip"
"","基本資訊","- 路線代號：M
- 顏色：紅色
- 特色：連接池袋、東京、新宿。","undefined,基本資訊,info","info"
"","乘車建議","- **無障礙提醒**：部分車站月台與車廂間隙較大，推嬰兒車請小心。
- **神轉乘**：在赤坂見附站可與銀座線進行同月台「零距離」轉乘。","undefined,乘車建議,tip","tip"
"","基本資訊","- 路線代號：JE
- 顏色：紅色
- 特色：前往東京迪士尼樂園的主要路線。","undefined,基本資訊,info","info"
"","乘車建議","- **東京站轉乘警告**：東京站京葉線月台位於地下深處，步行需 15-20 分鐘。
- **強風影響**：由於沿海岸運行，強風時容易延誤或停駛。","undefined,乘車建議,tip","tip"
"","基本資訊","- 日文名稱：有楽町駅
- 站點編號：JR / 有樂町線 Y-18
- 性質：銀座地區的另一個入口，轉乘京葉線的最佳替代站。","undefined,基本資訊,info","info"
"","可搭乘路線","- **JR線**：山手線、京濱東北線
- **地下鐵**：有樂町線","undefined,可搭乘路線,tip","tip"
"","轉乘策略 (東京車站京葉線替代)","- **核心祕訣**：若要去迪士尼（京葉線），從有樂町站「京橋口」出站，步行至東京國際論壇地下 1 樓，即可直接抵達東京車站京葉線月台。
- **優點**：比起在東京車站內部走 15-20 分鐘，此路線更平坦且步行時間僅需約 5-8 分鐘。","undefined,轉乘策略 (東京車站京葉線替代),warning","warning"
"","出口指南","- **日比谷口**：往日比谷公園、日比谷 Mid-Town。
- **銀座口**：往銀座百貨區最近。
- **京橋口**：往 Bic Camera、東京國際論壇。","undefined,出口指南,info","info"
"","基本資訊","- 日文名稱：恵比寿駅
- 性質：時髦、成熟，擁有多樣化的高級餐廳與惠比壽花園廣場。","undefined,基本資訊,info","info"
"","可搭乘路線","- **JR線**：山手線、埼京線、湘南新宿線
- **地下鐵**：東京Metro日比谷線","undefined,可搭乘路線,tip","tip"
"","轉乘注意事項","- **日比谷線 ⇄ JR**：轉乘動線直觀，約需 3-5 分鐘。JR「西口」最靠近地下鐵入口。
- **埼京線/湘南新宿線**：月台與山手線並列，轉乘非常方便。","undefined,轉乘注意事項,warning","warning"
"","出口指南","- **西口**：往惠比壽一番街（美食街）、日比谷線轉乘。
- **東口**：有長距離電動步道「Ebisu Sky Walk」直通惠比壽花園廣場（步行約 5-8 分鐘）。","undefined,出口指南,info","info"
"","基本資訊","- 日文名稱：飯田橋駅
- 性質：五線交會的重要轉乘站，鄰近神樂坂，地形坡度較大。","undefined,基本資訊,info","info"
"","可搭乘路線","- **JR線**：總武線（各站停車）
- **地下鐵**：東京Metro東西線、有樂町線、南北線、都營大江戶線","undefined,可搭乘路線,tip","tip"
"","轉乘注意事項","- **地下鐵大迷宮**：飯田橋站的地下鐵轉乘距離極長。
  - **東西線 ⇄ 其他地下鐵**：步行需約 5-8 分鐘。
  - **大江戶線**：月台位於地下深處，轉乘 JR 需預留 8-10 分鐘。
- **JR 月台位置**：JR 飯田橋站月台曾因彎道過大進行移設，現在離「西口」較近，往神樂坂方向步行更便利。","undefined,轉乘注意事項,warning","warning"
"","顏色識別系統","- JR系列：長方形標示
- 東京Metro：圓形標示
- 都營地下鐵：三角形標示","undefined,顏色識別系統,tip","tip"
"","常見路線顏色","| 路線 | 顏色 | 標示代號 |
|------|------|----------|
| 銀座線 | 橙色 | G |
| 丸之內線 | 紅色 | M |
| 日比谷線 | 銀色 | H |
| 都營淺草線 | 朱紅色 | A |
| 山手線 | 綠色 | JY |
| 中央線 | 橙色 | JC |","undefined,常見路線顏色,tip","tip"
"","大型行李注意事項","- 淺草站都營淺草線只有A2-b出口有電梯
- 東京車站京葉線轉乘距離很長
- 新幹線車廂有大型行李專用空間，需預約","undefined,大型行李注意事項,tip","tip"
"","購票建議","- 使用Suica/PASMO可搭乘所有路線
- 觀光客推薦購買東京Metro一日券（900日圓）
- JR山手線沿線推薦購買JR一日券","undefined,購票建議,tip","tip"
"","基本資訊","- 日文名稱：鶯谷駅
- 性質：山手線上使用人數最少的車站，保留了濃厚的下町昭和氣氛，鄰近上野公園北側。","undefined,基本資訊,info","info"
"","可搭乘路線","- **JR線**：山手線、京濱東北線","undefined,可搭乘路線,tip","tip"
"","轉乘與出站","- **北口**：靠近著名的「根岸」老街，有很多隱藏的美食名店。
- **南口**：通過天橋可直達「上野恩賜公園」北端，是前往東京國立博物館、東京都美術館的寧靜捷徑。","undefined,轉乘與出站,warning","warning"
"","基本資訊","- 日文名稱：北千住駅
- 性質：北東京最大的交通樞紐，五線交匯。既有大型百貨商場，也有充滿活力的老式商店街。","undefined,基本資訊,info","info"
"","可搭乘路線","- **JR線**：常磐線（快速）
- **地下鐵**：東京Metro日比谷線、千代田線
- **私鐵**：東武晴空塔線、筑波快線 (Tsukuba Express)","undefined,可搭乘路線,tip","tip"
"","轉乘注意事項","- **結構複雜**：車站分為多層，日比谷線與東武線共用月台，轉乘千代田線則需通過地下通道，步行約 5-8 分鐘。","undefined,轉乘注意事項,warning","warning"
"","出口指南","- **西口**：有 Lumine 和 Marui 兩大百貨，以及著名的美食商店街。
- **東口**：通往東京未來大學，氛圍較為安靜。","undefined,出口指南,info","info"
"","基本資訊","- 日文名稱：代々木駅
- 性質：鄰近新宿但氛圍截然不同，是一個充滿文藝氣息與學生活力的區域，擁有很多特色咖啡廳。","undefined,基本資訊,info","info"
"","可搭乘路線","- **JR線**：山手線、中央線（各站停車）
- **地下鐵**：都營大江戶線","undefined,可搭乘路線,tip","tip"
"","轉乘與出站","- **轉乘大江戶線**：需出站經由地面轉乘，JR「北口」與地下鐵出口最近。
- **步行至新宿**：代代木站距離新宿南口非常近，步行僅需 10-12 分鐘，天氣好時適合散步。","undefined,轉乘與出站,warning","warning"
"","出口指南","- **西口**：靠近代代木動畫學院，有很多平價美食。
- **北口**：最靠近新宿方向及明治神宮北參道入口。","undefined,出口指南,info","info"
"","基本資訊","- 日文名稱：原宿駅
- 性質：青少年流行文化發源地，鄰近明治神宮與代代木公園。","undefined,基本資訊,info","info"
"","可搭乘路線","- **JR線**：山手線
- **地下鐵**：東京Metro千代田線、副都心線（明治神宮前站）","undefined,可搭乘路線,tip","tip"
"","轉乘注意事項","- **明治神宮前站**：雖然站名不同，但與原宿站緊鄰，轉乘千代田線或副都心線非常方便。
- **新站體**：原宿站已完成擴建，現在有寬敞的西口出口直通明治神宮。","undefined,轉乘注意事項,warning","warning"
"","轉乘注意事項","*本知識庫資料整理自日本旅遊網站 letsgojp.com 及 matcha-jp.com，適用於LUTAGU東京公共交通AI助手*

# L4 Knowledge Expansion (MiniMax)","undefined,轉乘注意事項,warning","warning"
"","Traps（陷阱/警告）","- [Trap] 🚶 **JR↔日比谷線轉乘**: 兩站相距約 400m，步行需 5-8 分鐘，無直達通道。(Advice: 攜帶行李時建議使用計程車或巴士。)
- [Trap] 🌧️ **戶外轉乘**: 日比谷線位於山下通(山手通り)北側，需穿越戶外馬路，雨天極不便。(Advice: 攜帶雨具或使用地下商場入口。)","undefined,Traps（陷阱/警告）,tip","tip"
"","Hacks（技巧/捷徑）","- [Hack] 🌁 **惠比壽花園廣場天空步道**: JR惠比壽站東口出站後，右側即為天空步道入口，全程室內步行約 5 分鐘直達惠比壽花園廣場。(Advice: 回程需原路返回或繞行地面道路。)
- [Hack] 🚇 **日比谷線最近入口**: 從JR站沿山下通向北步行約 300m，日比谷線 2 號出口位於右手邊。(Advice: 2 號出口設有電梯。)","undefined,Hacks（技巧/捷徑）,tip","tip"
"","Facilities（設施資訊）","- [toilet] JR東口站內、JR西口站內、月台層 [Wheelchair] [BabyRoom]
- [elevator] JR東口電梯塔、月台層電梯 [Wheelchair]
- [atm] JR站內(三菱UFJ、郵貯)、East廣場
- [locker] JR東口站外 (大型42個、中型192個)、JR西口站外 [Large]
- [wifi] JR站內免費Wi-Fi、惠比壽花園廣場全域
- [toilet] View Altte旁 (9:00-18:00) [Wheelchair]","undefined,Facilities（設施資訊）,tip","tip"
"","Traps（陷阱/警告）","- [Trap] 🚇 **多線轉乘複雜性**: 此站由東急電鐵主導經營，但同時有都營三田線與東京Metro南北線停靠。售票系統各自獨立，IC卡無法互通補貼，須於各線售票機分別購票。(Advice: 轉乘前先確認各線閘門位置，避免走回頭路。)
- [Trap] 🚶 **轉乘步行距離**: 東急線與都營三田線間轉乘需步行約 300m，經過聯絡通道約 4-5 分鐘。南北線月台位於地下 B2 層，與東急淺草 meguro線月台（地面層）垂直距離約 15m。(Advice: 攜帶大型行李者建議使用東口電梯。)
- [Trap] ⛰️ **站外陡坡**: 目黑站周圍為知名陡坡地形，站前向西延伸的斜坡坡度達 8-12%，往「目黑區民中心」方向步行 200m 平均耗時比平地多 2 分鐘。(Advice: 避免拖行李箱於下雨天前往西側住宿，路面濕滑危險。)","undefined,Traps（陷阱/警告）,tip","tip"
"","Hacks（技巧/捷徑）","- [Hack] 🚪 **最佳進出站選擇**: 東急線乘車使用「東口」或「西口」，兩者相距 80m。前往「目黑銀杏並木」（賞楓名所）建議從西口出站，步行 150m 即達。前往「四季劇場」從東口出站，步行 100m。(Advice: 先確認目的地方位再選擇出口。)
- [Hack] 🛗 **電梯位置**: 東口設有電梯可達所有樓層（地面→地下B1→B2），服務時間 05:00-24:00。大型行李或輪椅使用者須使用東口，西口僅有樓梯。(Advice: 西口無電梯，攜帶行李者勿從西口進出。)
- [Hack] 🚃 **首末班車差異**: 東急目黑線首班車 05:04、末班車 00:38。都營三田線首班車 05:29、末班車 23:54。南北線首班車 05:17、末班車 00:09。南北線末班車最早結束。(Advice: 深夜活動者優先選擇東急線離站。)","undefined,Hacks（技巧/捷徑）,tip","tip"
"","Facilities（設施資訊）","- [toilet] 東急線月台（1F）東側、西側各 1 間；都營/南北線閘內 B2 層東側 1 間 [Wheelchair] [BabyRoom]
- [elevator] 東口 1 處（1F↔B2） [Wheelchair]
- [locker] 東口站前廣場投幣式行李櫃 [L-size] [M-size]
- [wifi] 站內 Tokyo Free Wi-Fi","undefined,Facilities（設施資訊）,tip","tip"
"","Traps（陷阱/警告）","- [Trap] 🚇 **終點與直通混淆**: 注意月台指標，部分搭乘東京地鐵東西線的乘客會誤乘「各站停車」抵達終點站卻未察覺，錯過繼續直通京王線的機會。(Advice: 確認車廂內顯示幕或廣播，終點站為「Mitaka」而非「Nakano」。)
- [Trap] 🚶 **中央線月台距離**: 中央線快速月台與東西線月台步行約 300m，需 3-5 分鐘。(Advice: 轉乘預留 10 分鐘以上。)
- [Trap] 🔀 **中央線分歧**: 中央線分為「快速」與「中央．總武線各站停車」，兩者月台不同站體，搭錯需出站重新進站。(Advice: 確認入口指示牌寫「Chuo Line Rapid」或「Sobu Line」。)","undefined,Traps（陷阱/警告）,tip","tip"
"","Hacks（技巧/捷徑）","- [Hack] 🎯 **直通運轉邏輯**: 東西線分為三種運行模式：（1）直通京王線至 Mitaka（3-5 班/小時）；（2）終點站為 Nakano（2-3 班/小時）；（3）回送至 中野車庫。直通車於 2 號月台發車，終點車於 1 號月台發車。(Advice: 前往 Mitaka 方向，優先選擇直通車可省去一次轉乘。)
- [Hack] 🏢 **北口人潮較少**: 南口為主要商業區入口，早晚尖峰時段擁擠。北口連接住宅區，通勤時間排隊人潮少 40%。(Advice: 攜帶大型行李或行動不便者，建議使用北口。)
- [Hack] 💺 **指定席售票機**: 中央線快速對號座位（Green Car）售票機位於 3 號月台樓梯口，非站內大型售票處。(Advice: 無需出站，直接於月台層購買 Green Car 券。)","undefined,Hacks（技巧/捷徑）,tip","tip"
"","Facilities（設施資訊）","- [toilet] 南口、北口 (東京地鐵東西線閘內) [Wheelchair] [BabyRoom]
- [elevator] 北口 (1F↔B1) [Wheelchair]
- [elevator] 南口 (1F↔B2) [Wheelchair]
- [locker] 南口 (72 個中型)、北口 (48 個中型)
- [wifi] JR-EAST FREE Wi-Fi","undefined,Facilities（設施資訊）,tip","tip"
"","Traps（陷阱/警告）","- [Trap] 🚶 **站體複雜性**: 目黑站由 Tokyu 公司管理營運，但 JR 東日本、帝都交通巴士（都營地下鐵）、東京地下鐵皆共用此站，票務系統各自獨立。(Advice: 儲值卡無法跨系統通用，請至各公司售票機分別購票或使用 IC 卡。)
- [Trap] 🚶 **轉乘動線複雜**: JR 月台位於地面層，都營淺草線 B1F，月台與 Namboku 線距離約 200m，需穿越站內通道約 4 分鐘。(Advice: 轉乘時注意指標顏色——藍色為 JR，黃色為 Tokyu，綠色為都營/Metro。)
- [Trap] ⛰️ **站外陡坡**: 東口（正面口）外即是著名的目黑斜坡，坡度約 15-20 度，路面狹窄，拖行李箱極度困難。(Advice: 攜帶大型行李者建議使用西口，步行至山手通繞行。)
- [Trap] 🔍 **出口迷路**: 東口與西口不相通，地下通道僅連接部分設施，出站後無法回到站內。(Advice: 確認目的地方向後再刷卡出站。)","undefined,Traps（陷阱/警告）,tip","tip"
"","Hacks（技巧/捷徑）","- [Hack] 🛗 **行李電梯**: Namboku 線月台有電梯通往東口（斜坡側），適合攜帶行李但需前往東側的旅客。(Advice: 電梯位於 1 番線月台端，開放時間 5:00-24:00。)
- [Hack] ↔️ **西口繞行**: 前往西側（惠比壽、自由之丘方向）無需爬坡，從西口出站後步行至山手通再轉乘巴士或計程車。(Advice: 西口步行至斜坡底部約 5 分鐘。)
- [Hack] 🎫 **售票位置**: JR 售票機位於東口站舍內，都營與 Metro 售票機位於地下 B1F 連絡通道。(Advice: 購買 JR 廣域周遊券需至東口綠色窗口。)
- [Hack] 🚇 **月台配置**: JR 為 2 座 1 面 2 線側式月台，Tokyu 為 2 座 1 面 2 線島式月台，都營與 Metro 共享 1 座島式月台。(Advice: 都營/Metro 連絡需使用地下 B1F 通道。)","undefined,Hacks（技巧/捷徑）,tip","tip"
"","Facilities（設施資訊）","- [toilet] Location [B1F][Metro][Tokyu] - 洗手間位於 B1F 連絡通道及 Tokyu 改札內
- [elevator] Location [JR][Namboku][Tokyu] - JR 改札內、Namboku 線月台、Tokyu 改札內各有電梯
- [locker] Location [東口][西口] - 東口站舍內（小型 300円、中型 500円）、西口站舍外（大型 700円）
- [atm] Location [東口][B1F] - 東口站舍內有三菱 UFJ 銀行 ATM，B1F 連絡通道有郵局 ATM","undefined,Facilities（設施資訊）,tip","tip"
"","Traps（陷阱/警告）","- [Trap] 🚇 **Oedo線轉乘最深**: Oedo線月台位於B5F最深處，從JR山手線月台步行約500m/12分鐘，經過3段長樓梯和多個轉彎。(Advice: 攜帶大型行李者建議使用升降機，入口位於東口方向地下通道。)
- [Trap] 🌃 **東西口徹底分離**: 西口通往都廳商圈(步行700m)，東口通往歌舞伎町(步行300m)。兩方向無法地下直通，需出站後重新入站。(Advice: 確認目的地後選擇正確出口，避免浪費10-15分鐘。)
- [Trap] 🚶 **轉乘距離過長**: JR轉乘小田急線需步行800m/15分鐘，經過南口地下通道。(Advice: 預留至少20分鐘轉乘時間，高峰期增加50%。)
- [Trap] 📍 **南口迷宮**: 南口閘外區域分為舊南口與NEW SOUTH口，兩者不相通。(Advice: 前往Busta新宿請直接前往NEW SOUTH口標示的出口。)","undefined,Traps（陷阱/警告）,tip","tip"
"","Hacks（技巧/捷徑）","- [Hack] 🚌 **BUSTA新宿乘車**: 前往東北/關西方向高速巴士，請使用NEW SOUTH口(新南口)，出站後過馬路即達。(Advice: 班次前20分鐘到場排隊，熱門路線滿座率高。)
- [Hack] 🏢 **西口上班族**: 前往都廳/新宿華盛頓酒店/京王廣場飯店，使用西口出站，右轉步行5分鐘。(Advice: 西口樓梯狹窄，拖行李請走右側升降機。)
- [Hack] 🎭 **東口娛樂區**: 前往歌舞伎町/黃金街/蘭桂坊，使用東口出站後左轉，步行3分鐘。(Advice: 東口夜間計程車排隊約30分鐘，建議步行至西口。)
- [Hack] 🔗 **中央通道直達**: 從JR中央口入站後，右側有地下通道連接Metro丸之內線，步行150m/3分鐘。(Advice: 通道天花板有明確指示牌，藍色標示為丸之內線。)
- [Hack] 🎫 **自動售票機位置**: 丸之內線自動售票機集中在B1F中央通路，JR綠色窗口隔壁亦有售票機。(Advice: 高峰期排隊超過20人時，使用便利店售票機。)","undefined,Hacks（技巧/捷徑）,tip","tip"
"","Facilities（設施資訊）","- [type] toilet [JR中央口B1F] [JR南口B1F] [Metro丸之內線月台] (24小時開放，部分僅限持票旅客)
- [type] elevator [西口] [東口] [NEW SOUTH口] [Oedo線B5F] (JR車站內升降機可達各月台層)
- [type] locker [JR東口站外廣場] [JR西口站外廣場] [B1F中央通路] (大型行李Locker數量有限，傍晚後易滿)
- [type] atm [JR綠色窗口內] [西口站外三菱UFJ銀行] [東口站外郵局] (綠色窗口內ATM支援外國卡)
- [type] wifi [全站免費Wi-Fi] (熱點名稱""Shinjuku_Station_Free_Wi-Fi""，限3小時/日)","undefined,Facilities（設施資訊）,tip","tip"
"","Traps（陷阱/警告）","- [Trap] 🚶 **Ginza Line 3F Isolation**: Ginza Line platforms are on 3F (elevated). Transferring to JR/Fukutoshin/Toyoko requires descending 3 floors via stairs—no direct elevator from 3F to B5. (Advice: Carry luggage? Use the Hachiko Exit elevator to B1F first, then navigate to Ginza Line.)

- [Trap] ⬇️ **The Dungeon (B5 Depths)**: Fukutoshin and Toyoko Lines are on B5F—descend 5 floors from ground level. The corridor from JR to B5F takes 8-12 minutes walking. (Advice: If transferring from Ginza 3F to Fukutoshin B5F, budget 15+ minutes total descent.)

- [Trap] �人流 **Hachiko Exit Crush**: Hachiko Exit ( JR West South Gate) opens directly onto the Scramble Crossing. During rush hours (7:30-9:30, 17:30-20:00), this exit is functionally impassable. (Advice: Use the 9/10a or 8b exits for less crowded access to the scramble area.)

- [Trap] ↔️ **Scramble Crossing Misorientation**: The crossing has 4 corners. Hachiko Exit deposits you at the **northeast corner** (Tower Records side). The Shibuya Stream/Scramble Square入口 is at the **southeast corner**—walk 200m along the building to reach it. (Advice: Don't cross immediately; walk along the building perimeter to find your target entrance.)

- [Trap] 🔄 **Toyoko Line Direction**: Toyoko Line trains depart from B5F but serve two directions: Shinjuku (northbound via Nishi-ogikubo) AND Minatomirai (southbound). Check platform LCD displays before descending to B5. (Advice: Nishi-ogikubo-bound trains are on Platform 1, Minatomirai on Platform 2.)","undefined,Traps（陷阱/警告）,tip","tip"
"","Hacks（技巧/捷徑）","- [Hack] 🎒 **Luggage Route**: From JR lines to Ginza Line: Use the ** Hachiko Exit elevator** (near Shibuya Stream) to B1F, walk through the underground mall to Ginza Line stairs. Avoid the main Hachiko Exit stairs—always crowded.

- [Hack] ⬇️ **Fastest B5 Descent**: The **express elevator near the Fukutoshin Line ticket gate** (B1F, east side) descends directly to B5F in 45 seconds. Look for signs marked 「副都心線・エレベーター」. Do not use the JR concourse elevators—they stop at every floor.

- [Hack] 🔁 **Cross-Platform Transfer**: Transferring between Toyoko and Fukutoshin Lines at Shibuya is cross-platform (same level, opposite sides). From Minatomirai-bound Toyoko, simply cross the platform for Fukutoshin (Shinjuku-bound). Saves 5 minutes vs. using stairs.

- [Hack] ☔ **Rain Shield**: The Hachiko Exit to Scramble Crossing has partial cover. For full rain protection, use the **Shibuya Stream 2F pedestrian bridge** which connects to the station and crosses above the scramble.

- [Hack] 🍜 **Food Anchor**: The **Shibuya Stream B1F food hall** (JR Ticket Gate side) has the shortest wait times for meals during rush hours. Use it as a navigation anchor—the station's most reliable landmark.","undefined,Hacks（技巧/捷徑）,tip","tip"
"","Facilities（設施資訊）","- [elevator] Hachiko Exit (JR West South Gate) | B1F-JF | Ground-floor access for luggage
- [elevator] Shibuya Stream 1F | B5F | Connects Fukutoshin/Toyoko Lines
- [toilet] B1F (multiple locations) | Near Ginza Line ticket gate, near Fukutoshin ticket gate, Hachiko Exit concourse
- [locker] B1F underground mall | 300 yen/4 hours | Size: 2x Carry-on suitcases max
- [locker] Shibuya Stream 1F | 400 yen/4 hours | Larger sizes available
- [atm] B1F (multiple) | Japan Post Bank, Mizuho, SMBC | 24-hour availability
- [wifi] Free WiFi | B1F concourse, Hachiko Exit plaza | SSID: 0000FUKUOKA_FreeWiFi (registration required)","undefined,Facilities（設施資訊）,tip","tip"
"","Traps（陷阱/警告）","- [Trap] 🏬 **西武・東武百貨店悖論**: 西武百货店在车站东侧（靠近西武池袋站），东武百货店在西侧（靠近东武池袋站。(Advice: 两家百货店无直接地下通道连接，穿行需出站步行约800m，耗时12-15分钟。)
- [Trap] 🚇 **副都心線距離**: 副都心线月台位于JR站体南侧，从JR东口步行约350m，需5-7分钟。(Advice: 转乘副都心线建议使用南通路，不要尝试从北口绕行。)
- [Trap] 🕳️ **地下迷宮**: 站内存在3层地下空间，B1为商业街（Ikebukuro Underground Shopping Center），B2为通路，B3为部分线路月台。(Advice: 以地面标志灯颜色识别方向：红色通往JR，蓝色通往东武/西武，绿色通往地铁。)
- [Trap] 🚪 **東口與西口差異**: 东口连接JR线，西口主要连接东武线和东武百货店。(Advice: 目的地若在东武百货店，必须从西口出站，从东口出站后步行至西口需10分钟。)","undefined,Traps（陷阱/警告）,tip","tip"
"","Hacks（技巧/捷徑）","- [Hack] 🎯 **西武線快速換乘**: 使用西武池袋站（与JR池袋站相邻但独立）时，从JR东口出站后右转步行50m即可到达西武入口。(Advice: 闸机外换乘需出站后重新进站，若使用Suica需确保余额充足。)
- [Hack] 🎯 **東武線捷徑**: 东武池袋站位于JR站西侧，从JR西口出站后左转步行80m可见东武入口标志。(Advice: 东武线与JR线闸机不相通，换乘必须出站。)
- [Hack] 🎯 **地下連通捷徑**: Ikebukuro Underground Shopping Center (B1F) 连接东口、西口、南口及周边大楼。(Advice: 下雨天可全程使用地下通道前往西武/东武百货店，无需携带雨具。)
- [Hack] 🎯 **行李寄放策略**: JR站东口外及B1F设有大型行李寄存柜（300円/次），尺寸可容纳29寸行李箱。(Advice: 旺季建议上午10点前寄存，午后柜位常满。)","undefined,Hacks（技巧/捷徑）,tip","tip"
"","Facilities（設施資訊）","- [type] toilet [JR东口] [B1F Central Gate附近] - 24小时开放，配备温水洗净便座
- [type] toilet [西武池袋站] [1F改札外] - 营业时间与商场一致
- [type] toilet [东武池袋站] [B1F] - 营业时间与商场一致
- [type] elevator [JR东口] - 电梯通往B1F及1F，请使用站内升降梯标识
- [type] elevator [副都心线月台] - 电梯通往B3月台及B1F联络通道
- [type] locker [B1F Ikebukuro Underground Shopping Center] - 尺寸分S/M/L，L尺寸可存29寸行李箱
- [type] atm [JR东口剪票口外] - 7-11 ATM及三菱UFJ银行ATM，24小时可用
- [type] atm [西武百货店地下1层] - 多家银行ATM，营业时间10:00-20:00
- [type] wifi [B1F商业区] - Free Wi-Fi @Ikebukuro，覆盖B1F主要通道","undefined,Facilities（設施資訊）,tip","tip"
"","Traps（陷阱/警告）","- [Trap] 🚶 **京葉線轉乘**: 從中央月台步行至京葉線月台約 15-20 分鐘，需穿越地下通道。(Advice: 前往迪士尼的乘客請預留 25 分鐘轉乘時間。)
- [Trap] ⚠️ **丸之內側vs八重洲側完全分離**: 兩側由地下通道連接但步行需 5-10 分鐘，皇居位於丸之內側，新幹線の搭乘則在八重洲側。(Advice: 確認目的地後選擇正確出站口。)
- [Trap] 🚌 **巴士站位置**: 所有高速巴士站位於八重洲側，丸之內側無巴士站。(Advice: 前往巴士站的乘客請從八重洲側出站。)
- [Trap] 🔀 **地下迷宮**: B1F 地下通道連接 JR、地鐵、誤差約 10 條以上路線，指標混亂。(Advice: 跟隨藍色標示前往 JR，紅色標示前往地下鐵。)","undefined,Traps（陷阱/警告）,tip","tip"
"","Hacks（技巧/捷徑）","- [Hack] 👑 **皇居近道**: 從丸之內北口出站後步行 200m 即可抵達皇居東御苑入口。(Advice: 搭乘電車至二重橋前站需多付運費。)
- [Hack] 🚄 **新幹線を逃す捷徑**: 趕不上新幹線の乘客可前往 20-22 番線月台，從檢票口步行僅需 2 分鐘。(Advice: 利用最近的電梯前往地下 1 層月台。)
- [Hack] 🧳 **行李寄存**: 八重洲中央口附近 B1F 有大型行李寄存櫃，營業至深夜 12 點。(Advice: 適合輕裝遊覽皇居。)
- [Hack] 🍜 **拉麵一番街**: 車站地下 1 層集結 10 家人氣拉麵店，營業至凌晨 1 點。(Advice: 深夜覓食首選。)","undefined,Hacks（技巧/捷徑）,tip","tip"
"","Facilities（設施資訊）","- [type] toilet [丸之內:北口、南口、B1F] [八重洲:中央口、北口、南口、B1F] (有多功能室)
- [type] locker [丸之內:一番街 B1F] [八重洲:中央口地下廣場 B1F] (大型/中型櫃)
- [type] elevator [丸之內:北口、南口] [八重洲:中央口] (電梯通往各月台)
- [type] atm [丸之內:售票廳、南口] [八重洲:中央口附近] (三大銀行 24 小時)
- [type] wifi [車站全區] (免費 Wi-Fi)","undefined,Facilities（設施資訊）,tip","tip"
"","Tra","10分鐘。)
        *   [Trap] 🚶 **日比谷線轉乘**: 日","undefined,Tra,tip","tip"
"","Traps（陷阱/警告）","- [Trap] 🧭 **距離近≠換乘近**：地圖上看起來接近的人形町/東日本橋一帶，實際多半需要地面步行。(Advice: 需要換乘或趕時間時，先把步行緩衝抓在 8-12 分鐘。)","undefined,Traps（陷阱/警告）,tip","tip"
"","Hacks（技巧/捷徑）","- [Hack] 🗺️ **用大地標定位再走**：先在出口圖確認「濱町公園/明治座」方向，再決定出站口。(Advice: 不要在地下亂繞，回到出口圖重選更快。)","undefined,Hacks（技巧/捷徑）,tip","tip"
"","Traps（陷阱/警告）","- [Trap] 🚶 **上野圈距離錯覺**：與上野站距離不遠，但走地面依路線不同會有 10+ 分鐘落差。(Advice: 以「目標是 Ueno Park / Ameyoko / かっぱ橋」先決定要往哪個方向出站。)","undefined,Traps（陷阱/警告）,tip","tip"
"","Hacks（技巧/捷徑）","- [Hack] 🎒 **小站策略**：如果你不需要大站轉乘，稻荷町通常比上野更少人。(Advice: 帶行李要找電梯時，小站反而比較快找到對的出口。)","undefined,Hacks（技巧/捷徑）,tip","tip"
"","Traps（陷阱/警告）","- [Trap] 🕒 **日比谷線時段擁擠**：通勤時段車廂與閘門口人流會明顯變慢。(Advice: 趕時間或帶行李，先預留額外 5-8 分鐘緩衝。)","undefined,Traps（陷阱/警告）,tip","tip"
"","Hacks（技巧/捷徑）","- [Hack] 🧭 **把它當「上野/淺草的呼吸點」**：行程在上野與淺草之間時，入谷可做中繼。(Advice: 先用地面導航走到最近的大馬路，再用出口圖修正方向。)","undefined,Hacks（技巧/捷徑）,tip","tip"
"","Traps（陷阱/警告）","- [Trap] 🔀 **地上/地下出入口多**：同一方向可能有多個出入口，走錯會多繞一個街區。(Advice: 先確認目標在「神田側」還是「秋葉原側」，再選出口。)","undefined,Traps（陷阱/警告）,tip","tip"
"","Hacks（技巧/捷徑）","- [Hack] 🧳 **帶行李先鎖定電梯出口**：都營新宿線月台移動距離較長時，臨時改出口很耗時。(Advice: 一開始就選好有電梯的出口路線，不要中途切換。)","undefined,Hacks（技巧/捷徑）,tip","tip"
"","Traps（陷阱/警告）","- [Trap] 🕳️ **大江戶線月台深**：從月台到地面常需要多段電扶梯/電梯。(Advice: 轉乘、趕車、推嬰兒車時，先把上地面時間抓在 3-5 分鐘。)","undefined,Traps（陷阱/警告）,tip","tip"
"","Hacks（技巧/捷徑）","- [Hack] 🌬️ **地上更好走**：地面道路相對寬、視線開闊。(Advice: 如果你在地下找不到方向，先上地面再用導航修正。)","undefined,Hacks（技巧/捷徑）,tip","tip"
"","Traps（陷阱/警告）","- [Trap] 🚶 **「蔵前」同名但站體可能分散**：淺草線與大江戶線出入口不一定在同一點。(Advice: 需要兩線互轉時，先確認你要去的是哪一條線，再抓 6-10 分鐘步行緩衝。)","undefined,Traps（陷阱/警告）,tip","tip"
"","Hacks（技巧/捷徑）","- [Hack] 🗺️ **以「隅田川」做方向感**：如果你知道目的地在河的哪一側，選出口更快。(Advice: 先上地面看河/橋，再決定往哪個街區走。)","undefined,Hacks（技巧/捷徑）,tip","tip"
"","Traps（陷阱/警告）","- [Trap] 🧩 **地下通道選錯就虧時間**：靠近東京站/銀座一帶，地下連通多但指標容易讓人繞遠。(Advice: 先決定你的最終目標是「東京站八重洲側」還是「銀座方向」，再選出口。)","undefined,Traps（陷阱/警告）,tip","tip"
"","Hacks（技巧/捷徑）","- [Hack] 🌧️ **雨天優先走地下**：這一帶地下商場與連通道多。(Advice: 先在站內確認可到哪棟大樓的連通口，再接地面最後 100-300m。)","undefined,Hacks（技巧/捷徑）,tip","tip"
"","Traps（陷阱/警告）","- [Trap] 🕒 **與觀光核心有心理落差**：三ノ輪屬生活圈，步行到熱門景點通常不會很近。(Advice: 先用日比谷線移動到你要的「大站」，再轉乘更穩。)","undefined,Traps（陷阱/警告）,tip","tip"
"","Hacks（技巧/捷徑）","- [Hack] 😌 **避開大站人潮**：作為日比谷線的中繼點，出站/進站壓力通常小於上野、秋葉原。(Advice: 需要買補給或整理行李，這類小站往往更舒服。)","undefined,Hacks（技巧/捷徑）,tip","tip"